clues,difficulty,puzzle_count,share_within_clue_count
19,2.40000000,1,1.00000000
20,0.00000000,89,0.42380952
20,1.00000000,5,0.02380952
20,1.10000000,2,0.00952381
20,1.20000000,2,0.00952381
20,1.30000000,8,0.03809524
20,1.40000000,6,0.02857143
20,1.50000000,5,0.02380952
20,1.60000000,5,0.02380952
20,1.70000000,3,0.01428571
20,1.80000000,5,0.02380952
20,1.90000000,3,0.01428571
20,2.00000000,9,0.04285714
20,2.10000000,2,0.00952381
20,2.20000000,3,0.01428571
20,2.30000000,4,0.01904762
20,2.40000000,5,0.02380952
20,2.50000000,5,0.02380952
20,2.60000000,4,0.01904762
20,2.70000000,4,0.01904762
20,2.80000000,3,0.01428571
20,2.90000000,8,0.03809524
20,3.10000000,2,0.00952381
20,3.20000000,2,0.00952381
20,3.30000000,3,0.01428571
20,3.40000000,2,0.00952381
20,3.50000000,1,0.00476190
20,3.70000000,2,0.00952381
20,3.80000000,3,0.01428571
20,3.90000000,2,0.00952381
20,4.00000000,3,0.01428571
20,4.10000000,3,0.01428571
20,4.30000000,1,0.00476190
20,4.50000000,2,0.00952381
20,5.30000000,1,0.00476190
20,5.80000000,2,0.00952381
20,6.20000000,1,0.00476190
21,0.00000000,3814,0.46489517
21,1.00000000,210,0.02559727
21,1.10000000,167,0.02035592
21,1.20000000,172,0.02096538
21,1.30000000,174,0.02120917
21,1.40000000,194,0.02364700
21,1.50000000,216,0.02632862
21,1.60000000,188,0.02291565
21,1.70000000,180,0.02194052
21,1.80000000,183,0.02230619
21,1.90000000,199,0.02425646
21,2.00000000,175,0.02133106
21,2.10000000,183,0.02230619
21,2.20000000,147,0.01791809
21,2.30000000,170,0.02072160
21,2.40000000,142,0.01730863
21,2.50000000,133,0.01621160
21,2.60000000,119,0.01450512
21,2.70000000,106,0.01292053
21,2.80000000,119,0.01450512
21,2.90000000,104,0.01267674
21,3.00000000,125,0.01523647
21,3.10000000,90,0.01097026
21,3.20000000,86,0.01048269
21,3.30000000,82,0.00999512
21,3.40000000,83,0.01011702
21,3.50000000,70,0.00853242
21,3.60000000,55,0.00670405
21,3.70000000,63,0.00767918
21,3.80000000,64,0.00780107
21,3.90000000,44,0.00536324
21,4.00000000,38,0.00463189
21,4.10000000,38,0.00463189
21,4.20000000,45,0.00548513
21,4.30000000,23,0.00280351
21,4.40000000,34,0.00414432
21,4.50000000,26,0.00316919
21,4.60000000,20,0.00243784
21,4.70000000,12,0.00146270
21,4.80000000,11,0.00134081
21,4.90000000,12,0.00146270
21,5.00000000,20,0.00243784
21,5.10000000,10,0.00121892
21,5.20000000,5,0.00060946
21,5.30000000,4,0.00048757
21,5.40000000,11,0.00134081
21,5.50000000,4,0.00048757
21,5.60000000,7,0.00085324
21,5.70000000,6,0.00073135
21,5.80000000,3,0.00036568
21,5.90000000,3,0.00036568
21,6.00000000,2,0.00024378
21,6.10000000,3,0.00036568
21,6.20000000,2,0.00024378
21,6.30000000,2,0.00024378
21,6.40000000,1,0.00012189
21,6.50000000,1,0.00012189
21,6.60000000,1,0.00012189
21,6.80000000,1,0.00012189
21,6.90000000,1,0.00012189
21,7.10000000,1,0.00012189
22,0.00000000,53509,0.46155903
22,1.00000000,3107,0.02680042
22,1.10000000,2251,0.01941672
22,1.20000000,2687,0.02317758
22,1.30000000,2900,0.02501488
22,1.40000000,2883,0.02486824
22,1.50000000,2933,0.02529953
22,1.60000000,2929,0.02526503
22,1.70000000,2906,0.02506663
22,1.80000000,2747,0.02369513
22,1.90000000,2577,0.02222874
22,2.00000000,2499,0.02155593
22,2.10000000,2489,0.02146967
22,2.20000000,2270,0.01958061
22,2.30000000,2243,0.01934772
22,2.40000000,2051,0.01769156
22,2.50000000,1934,0.01668234
22,2.60000000,1865,0.01608716
22,2.70000000,1846,0.01592326
22,2.80000000,1707,0.01472428
22,2.90000000,1578,0.01361154
22,3.00000000,1414,0.01219691
22,3.10000000,1365,0.01177425
22,3.20000000,1181,0.01018709
22,3.30000000,1174,0.01012671
22,3.40000000,1029,0.00887597
22,3.50000000,908,0.00783225
22,3.60000000,882,0.00760797
22,3.70000000,715,0.00616746
22,3.80000000,668,0.00576205
22,3.90000000,610,0.00526175
22,4.00000000,531,0.00458031
22,4.10000000,516,0.00445092
22,4.20000000,408,0.00351933
22,4.30000000,379,0.00326919
22,4.40000000,343,0.00295866
22,4.50000000,294,0.00253599
22,4.60000000,245,0.00211333
22,4.70000000,201,0.00173379
22,4.80000000,173,0.00149227
22,4.90000000,169,0.00145776
22,5.00000000,127,0.00109548
22,5.10000000,127,0.00109548
22,5.20000000,96,0.00082808
22,5.30000000,78,0.00067281
22,5.40000000,68,0.00058656
22,5.50000000,65,0.00056068
22,5.60000000,47,0.00040541
22,5.70000000,34,0.00029328
22,5.80000000,30,0.00025877
22,5.90000000,33,0.00028465
22,6.00000000,24,0.00020702
22,6.10000000,13,0.00011214
22,6.20000000,12,0.00010351
22,6.30000000,12,0.00010351
22,6.40000000,9,0.00007763
22,6.50000000,9,0.00007763
22,6.60000000,7,0.00006038
22,6.70000000,3,0.00002588
22,6.80000000,4,0.00003450
22,6.90000000,3,0.00002588
22,7.00000000,5,0.00004313
22,7.20000000,2,0.00001725
22,7.30000000,5,0.00004313
22,7.60000000,1,0.00000863
22,7.90000000,1,0.00000863
23,0.00000000,255195,0.45864395
23,1.00000000,16106,0.02894618
23,1.10000000,11739,0.02109768
23,1.20000000,13475,0.02421767
23,1.30000000,14273,0.02565186
23,1.40000000,14784,0.02657024
23,1.50000000,14676,0.02637614
23,1.60000000,14503,0.02606522
23,1.70000000,13941,0.02505517
23,1.80000000,13682,0.02458969
23,1.90000000,13357,0.02400559
23,2.00000000,12647,0.02272956
23,2.10000000,12166,0.02186509
23,2.20000000,11472,0.02061782
23,2.30000000,10849,0.01949814
23,2.40000000,10314,0.01853662
23,2.50000000,9649,0.01734147
23,2.60000000,8851,0.01590728
23,2.70000000,8492,0.01526207
23,2.80000000,7878,0.01415857
23,2.90000000,7272,0.01306945
23,3.00000000,6560,0.01178982
23,3.10000000,6171,0.01109070
23,3.20000000,5556,0.00998541
23,3.30000000,5114,0.00919103
23,3.40000000,4616,0.00829601
23,3.50000000,4174,0.00750164
23,3.60000000,3811,0.00684924
23,3.70000000,3395,0.00610159
23,3.80000000,2871,0.00515985
23,3.90000000,2584,0.00464404
23,4.00000000,2342,0.00420911
23,4.10000000,1943,0.00349202
23,4.20000000,1879,0.00337699
23,4.30000000,1541,0.00276953
23,4.40000000,1380,0.00248018
23,4.50000000,1178,0.00211714
23,4.60000000,965,0.00173433
23,4.70000000,855,0.00153663
23,4.80000000,723,0.00129940
23,4.90000000,608,0.00109272
23,5.00000000,493,0.00088603
23,5.10000000,443,0.00079617
23,5.20000000,377,0.00067756
23,5.30000000,271,0.00048705
23,5.40000000,248,0.00044571
23,5.50000000,192,0.00034507
23,5.60000000,148,0.00026599
23,5.70000000,142,0.00025521
23,5.80000000,92,0.00016535
23,5.90000000,89,0.00015995
23,6.00000000,60,0.00010783
23,6.10000000,57,0.00010244
23,6.20000000,39,0.00007009
23,6.30000000,33,0.00005931
23,6.40000000,38,0.00006829
23,6.50000000,25,0.00004493
23,6.60000000,13,0.00002336
23,6.70000000,13,0.00002336
23,6.80000000,10,0.00001797
23,6.90000000,12,0.00002157
23,7.00000000,8,0.00001438
23,7.10000000,1,0.00000180
23,7.20000000,3,0.00000539
23,7.30000000,4,0.00000719
23,7.40000000,2,0.00000359
23,7.50000000,2,0.00000359
23,7.60000000,2,0.00000359
23,7.70000000,2,0.00000359
23,7.80000000,1,0.00000180
23,8.00000000,2,0.00000359
23,8.30000000,1,0.00000180
23,8.40000000,1,0.00000180
23,8.50000000,1,0.00000180
24,0.00000000,471941,0.44589747
24,1.00000000,32050,0.03028136
24,1.10000000,23766,0.02245450
24,1.20000000,27229,0.02572640
24,1.30000000,29228,0.02761509
24,1.40000000,29526,0.02789664
24,1.50000000,29233,0.02761981
24,1.60000000,28909,0.02731369
24,1.70000000,27940,0.02639816
24,1.80000000,26990,0.02550059
24,1.90000000,26059,0.02462096
24,2.00000000,25031,0.02364969
24,2.10000000,23886,0.02256788
24,2.20000000,22654,0.02140386
24,2.30000000,21343,0.02016521
24,2.40000000,19933,0.01883302
24,2.50000000,18821,0.01778238
24,2.60000000,17543,0.01657491
24,2.70000000,16455,0.01554695
24,2.80000000,15309,0.01446419
24,2.90000000,13760,0.01300067
24,3.00000000,12778,0.01207286
24,3.10000000,11520,0.01088428
24,3.20000000,10647,0.01005946
24,3.30000000,9563,0.00903528
24,3.40000000,8508,0.00803850
24,3.50000000,7628,0.00720706
24,3.60000000,6944,0.00656080
24,3.70000000,6034,0.00570102
24,3.80000000,5436,0.00513602
24,3.90000000,4764,0.00450110
24,4.00000000,4045,0.00382178
24,4.10000000,3512,0.00331819
24,4.20000000,3166,0.00299129
24,4.30000000,2659,0.00251227
24,4.40000000,2236,0.00211261
24,4.50000000,1941,0.00183389
24,4.60000000,1605,0.00151643
24,4.70000000,1454,0.00137376
24,4.80000000,1091,0.00103079
24,4.90000000,998,0.00094293
24,5.00000000,797,0.00075302
24,5.10000000,666,0.00062925
24,5.20000000,559,0.00052815
24,5.30000000,428,0.00040438
24,5.40000000,360,0.00034013
24,5.50000000,278,0.00026266
24,5.60000000,232,0.00021920
24,5.70000000,204,0.00019274
24,5.80000000,160,0.00015117
24,5.90000000,120,0.00011338
24,6.00000000,94,0.00008881
24,6.10000000,88,0.00008314
24,6.20000000,58,0.00005480
24,6.30000000,51,0.00004819
24,6.40000000,43,0.00004063
24,6.50000000,31,0.00002929
24,6.60000000,25,0.00002362
24,6.70000000,19,0.00001795
24,6.80000000,13,0.00001228
24,6.90000000,15,0.00001417
24,7.00000000,6,0.00000567
24,7.10000000,7,0.00000661
24,7.20000000,2,0.00000189
24,7.30000000,6,0.00000567
24,7.40000000,3,0.00000283
24,7.50000000,1,0.00000094
24,7.60000000,2,0.00000189
24,7.70000000,1,0.00000094
24,7.90000000,1,0.00000094
24,8.00000000,1,0.00000094
24,8.20000000,1,0.00000094
25,0.00000000,363084,0.41948453
25,1.00000000,27174,0.03139514
25,1.10000000,20324,0.02348108
25,1.20000000,23857,0.02756289
25,1.30000000,25023,0.02891001
25,1.40000000,25296,0.02922542
25,1.50000000,25305,0.02923581
25,1.60000000,24958,0.02883491
25,1.70000000,23898,0.02761025
25,1.80000000,23476,0.02712270
25,1.90000000,22686,0.02620998
25,2.00000000,21650,0.02501306
25,2.10000000,20873,0.02411536
25,2.20000000,19787,0.02286066
25,2.30000000,18501,0.02137490
25,2.40000000,17546,0.02027155
25,2.50000000,16363,0.01890479
25,2.60000000,15257,0.01762698
25,2.70000000,14090,0.01627870
25,2.80000000,13406,0.01548845
25,2.90000000,11955,0.01381206
25,3.00000000,11028,0.01274106
25,3.10000000,9955,0.01150138
25,3.20000000,9177,0.01060253
25,3.30000000,7903,0.00913063
25,3.40000000,7247,0.00837273
25,3.50000000,6498,0.00750738
25,3.60000000,5612,0.00648375
25,3.70000000,4901,0.00566231
25,3.80000000,4336,0.00500954
25,3.90000000,3809,0.00440068
25,4.00000000,3312,0.00382648
25,4.10000000,2837,0.00327769
25,4.20000000,2411,0.00278552
25,4.30000000,2072,0.00239386
25,4.40000000,1757,0.00202993
25,4.50000000,1498,0.00173070
25,4.60000000,1253,0.00144764
25,4.70000000,999,0.00115418
25,4.80000000,875,0.00101092
25,4.90000000,667,0.00077061
25,5.00000000,548,0.00063312
25,5.10000000,481,0.00055572
25,5.20000000,362,0.00041823
25,5.30000000,307,0.00035469
25,5.40000000,250,0.00028883
25,5.50000000,179,0.00020681
25,5.60000000,144,0.00016637
25,5.70000000,132,0.00015250
25,5.80000000,100,0.00011553
25,5.90000000,93,0.00010745
25,6.00000000,69,0.00007972
25,6.10000000,58,0.00006701
25,6.20000000,41,0.00004737
25,6.30000000,31,0.00003582
25,6.40000000,18,0.00002080
25,6.50000000,23,0.00002657
25,6.60000000,13,0.00001502
25,6.70000000,8,0.00000924
25,6.80000000,7,0.00000809
25,6.90000000,8,0.00000924
25,7.00000000,7,0.00000809
25,7.10000000,3,0.00000347
25,7.20000000,1,0.00000116
25,7.30000000,1,0.00000116
25,7.40000000,3,0.00000347
25,7.60000000,2,0.00000231
25,7.70000000,3,0.00000347
26,0.00000000,124756,0.38055554
26,1.00000000,10723,0.03270943
26,1.10000000,8136,0.02481804
26,1.20000000,9436,0.02878356
26,1.30000000,9934,0.03030266
26,1.40000000,10149,0.03095850
26,1.50000000,10302,0.03142521
26,1.60000000,10183,0.03106221
26,1.70000000,9957,0.03037282
26,1.80000000,9620,0.02934484
26,1.90000000,9228,0.02814908
26,2.00000000,9065,0.02765186
26,2.10000000,8499,0.02592534
26,2.20000000,7956,0.02426897
26,2.30000000,7607,0.02320438
26,2.40000000,7281,0.02220995
26,2.50000000,6716,0.02048648
26,2.60000000,6180,0.01885146
26,2.70000000,5793,0.01767096
26,2.80000000,5367,0.01637149
26,2.90000000,4925,0.01502321
26,3.00000000,4461,0.01360783
26,3.10000000,4031,0.01229616
26,3.20000000,3699,0.01128342
26,3.30000000,3168,0.00966366
26,3.40000000,2931,0.00894072
26,3.50000000,2592,0.00790663
26,3.60000000,2255,0.00687865
26,3.70000000,1974,0.00602149
26,3.80000000,1789,0.00545716
26,3.90000000,1482,0.00452069
26,4.00000000,1259,0.00384045
26,4.10000000,1135,0.00346220
26,4.20000000,912,0.00278196
26,4.30000000,778,0.00237321
26,4.40000000,635,0.00193700
26,4.50000000,547,0.00166857
26,4.60000000,465,0.00141844
26,4.70000000,374,0.00114085
26,4.80000000,327,0.00099748
26,4.90000000,252,0.00076870
26,5.00000000,212,0.00064668
26,5.10000000,165,0.00050332
26,5.20000000,125,0.00038130
26,5.30000000,91,0.00027759
26,5.40000000,79,0.00024098
26,5.50000000,64,0.00019523
26,5.60000000,53,0.00016167
26,5.70000000,28,0.00008541
26,5.80000000,29,0.00008846
26,5.90000000,25,0.00007626
26,6.00000000,21,0.00006406
26,6.10000000,15,0.00004576
26,6.20000000,9,0.00002745
26,6.30000000,4,0.00001220
26,6.40000000,8,0.00002440
26,6.50000000,3,0.00000915
26,6.60000000,6,0.00001830
26,6.70000000,3,0.00000915
26,6.80000000,1,0.00000305
26,6.90000000,2,0.00000610
26,7.10000000,1,0.00000305
26,7.20000000,1,0.00000305
26,7.30000000,1,0.00000305
26,7.70000000,1,0.00000305
27,0.00000000,20030,0.32713791
27,1.00000000,1961,0.03202783
27,1.10000000,1614,0.02636049
27,1.20000000,1888,0.03083557
27,1.30000000,1998,0.03263213
27,1.40000000,2021,0.03300777
27,1.50000000,2004,0.03273012
27,1.60000000,2050,0.03348141
27,1.70000000,2020,0.03299144
27,1.80000000,2010,0.03282812
27,1.90000000,1840,0.03005161
27,2.00000000,1805,0.02947998
27,2.10000000,1778,0.02903900
27,2.20000000,1682,0.02747109
27,2.30000000,1587,0.02591951
27,2.40000000,1500,0.02449860
27,2.50000000,1413,0.02307768
27,2.60000000,1308,0.02136278
27,2.70000000,1233,0.02013785
27,2.80000000,1149,0.01876592
27,2.90000000,988,0.01613641
27,3.00000000,947,0.01546678
27,3.10000000,867,0.01416019
27,3.20000000,752,0.01228196
27,3.30000000,680,0.01110603
27,3.40000000,602,0.00983210
27,3.50000000,542,0.00885216
27,3.60000000,481,0.00785588
27,3.70000000,386,0.00630431
27,3.80000000,372,0.00607565
27,3.90000000,293,0.00478539
27,4.00000000,243,0.00396877
27,4.10000000,216,0.00352780
27,4.20000000,175,0.00285817
27,4.30000000,141,0.00230287
27,4.40000000,116,0.00189456
27,4.50000000,110,0.00179656
27,4.60000000,92,0.00150258
27,4.70000000,67,0.00109427
27,4.80000000,51,0.00083295
27,4.90000000,51,0.00083295
27,5.00000000,35,0.00057163
27,5.10000000,37,0.00060430
27,5.20000000,17,0.00027765
27,5.30000000,18,0.00029398
27,5.40000000,10,0.00016332
27,5.50000000,11,0.00017966
27,5.60000000,7,0.00011433
27,5.70000000,7,0.00011433
27,5.80000000,9,0.00014699
27,5.90000000,5,0.00008166
27,6.00000000,1,0.00001633
27,6.10000000,4,0.00006533
27,6.20000000,2,0.00003266
27,6.40000000,2,0.00003266
28,0.00000000,1608,0.27134661
28,1.00000000,225,0.03796828
28,1.10000000,132,0.02227472
28,1.20000000,179,0.03020587
28,1.30000000,187,0.03155586
28,1.40000000,207,0.03493081
28,1.50000000,223,0.03763078
28,1.60000000,198,0.03341208
28,1.70000000,212,0.03577455
28,1.80000000,184,0.03104961
28,1.90000000,180,0.03037462
28,2.00000000,180,0.03037462
28,2.10000000,173,0.02919339
28,2.20000000,209,0.03526831
28,2.30000000,170,0.02868714
28,2.40000000,183,0.03088086
28,2.50000000,177,0.02986838
28,2.60000000,131,0.02210597
28,2.70000000,137,0.02311846
28,2.80000000,113,0.01906851
28,2.90000000,102,0.01721228
28,3.00000000,94,0.01586230
28,3.10000000,108,0.01822477
28,3.20000000,87,0.01468107
28,3.30000000,79,0.01333108
28,3.40000000,76,0.01282484
28,3.50000000,60,0.01012487
28,3.60000000,52,0.00877489
28,3.70000000,54,0.00911239
28,3.80000000,43,0.00725616
28,3.90000000,31,0.00523118
28,4.00000000,21,0.00354371
28,4.10000000,23,0.00388120
28,4.20000000,20,0.00337496
28,4.30000000,12,0.00202497
28,4.40000000,9,0.00151873
28,4.50000000,11,0.00185623
28,4.60000000,4,0.00067499
28,4.70000000,7,0.00118124
28,4.80000000,6,0.00101249
28,4.90000000,5,0.00084374
28,5.00000000,4,0.00067499
28,5.10000000,1,0.00016875
28,5.20000000,3,0.00050624
28,5.30000000,2,0.00033750
28,5.40000000,1,0.00016875
28,5.50000000,1,0.00016875
28,5.60000000,1,0.00016875
28,5.70000000,1,0.00016875
29,0.00000000,54,0.18181818
29,1.00000000,9,0.03030303
29,1.10000000,5,0.01683502
29,1.20000000,7,0.02356902
29,1.30000000,12,0.04040404
29,1.40000000,15,0.05050505
29,1.50000000,11,0.03703704
29,1.60000000,11,0.03703704
29,1.70000000,9,0.03030303
29,1.80000000,13,0.04377104
29,1.90000000,12,0.04040404
29,2.00000000,6,0.02020202
29,2.10000000,10,0.03367003
29,2.20000000,5,0.01683502
29,2.30000000,11,0.03703704
29,2.40000000,12,0.04040404
29,2.50000000,7,0.02356902
29,2.60000000,8,0.02693603
29,2.70000000,9,0.03030303
29,2.80000000,5,0.01683502
29,2.90000000,10,0.03367003
29,3.00000000,14,0.04713805
29,3.10000000,5,0.01683502
29,3.20000000,4,0.01346801
29,3.30000000,4,0.01346801
29,3.40000000,2,0.00673401
29,3.50000000,3,0.01010101
29,3.60000000,6,0.02020202
29,3.70000000,3,0.01010101
29,3.80000000,2,0.00673401
29,3.90000000,4,0.01346801
29,4.00000000,1,0.00336700
29,4.10000000,3,0.01010101
29,4.30000000,1,0.00336700
29,4.60000000,2,0.00673401
29,4.70000000,1,0.00336700
29,4.80000000,1,0.00336700
30,0.00000000,1,0.11111111
30,1.10000000,1,0.11111111
30,1.50000000,1,0.11111111
30,1.60000000,1,0.11111111
30,1.80000000,1,0.11111111
30,2.40000000,2,0.22222222
30,3.70000000,1,0.11111111
30,3.80000000,1,0.11111111
31,2.40000000,1,1.00000000
